{
    "서울": [
        37.5666791,
        126.9782914
    ],
    "상하이": [
        31.2322758,
        121.4692071
    ],
    "부산": [
        35.1799528,
        129.0752365
    ],
    "런던": [
        51.5073219,
        -0.1276474
    ],
    "시드니": [
        -33.8698439,
        151.2082848
    ],
    "밴쿠버": [
        49.2608724,
        -123.113952
    ],
    "빈": [
        48.2083537,
        16.3725042
    ]
}